-- phpMyAdmin SQL Dump
-- version 4.0.10deb1
-- http://www.phpmyadmin.net
--
-- 主机: localhost
-- 生成日期: 2015-07-26 13:21:13
-- 服务器版本: 5.5.43-0ubuntu0.14.04.1
-- PHP 版本: 5.5.9-1ubuntu4.11

SET SQL_MODE = "NO_AUTO_VALUE_ON_ZERO";
SET time_zone = "+00:00";


/*!40101 SET @OLD_CHARACTER_SET_CLIENT=@@CHARACTER_SET_CLIENT */;
/*!40101 SET @OLD_CHARACTER_SET_RESULTS=@@CHARACTER_SET_RESULTS */;
/*!40101 SET @OLD_COLLATION_CONNECTION=@@COLLATION_CONNECTION */;
/*!40101 SET NAMES utf8 */;

--
-- 数据库: `test_mygroup`
--

--
-- 转存表中的数据 `mini_belong`
--

INSERT INTO `mini_belong` (`id`, `user_id`, `group_id`, `join_time`) VALUES
(1, 1001, 1, '2015-07-25 10:50:05'),
(2, 1001, 2, '2015-07-25 10:50:05'),
(10, 1002, 1, '2015-07-25 18:33:43'),
(11, 1002, 10, '2015-07-26 03:14:03');

--
-- 转存表中的数据 `mini_blog`
--

INSERT INTO `mini_blog` (`id`, `title`, `content`, `comment_count`, `create_time`, `group_id`, `creator_id`) VALUES
(1, '  小组官方群41037582', '欢迎活泼的小伙伴加入', 2, '2015-07-25 10:51:14', 1, 1001),
(2, '有要领养小泰迪和小美短猫的嘛。小美短刚出生两天', '有要领养小泰迪和小美短猫的嘛。小美短刚出生两天，小泰迪也很快啦\r\n\r\n每年我都会送出一两只，只是想让它们活的更好（并不是跟我生活不好喔~）\r\n\r\n有喜欢的小伙伴 可以来喔，\r\n\r\n条件就是，必须能照顾好自己的人，要不然自己都照顾不好 怎么照顾小崽崽呢\r\n\r\n还有在怎么样 得能给小宝宝 吃得起粮的。\r\n\r\n具体的话 看我微信吧 朋友圈每天都会 更新小宝宝，微信 hana130908', 0, '2015-07-25 11:11:30', 2, 1003),
(3, '今天礼拜有一起玩的吗？', '能过来找我玩的。联系我。', 0, '2015-07-25 11:12:19', 3, 1003),
(4, '你喝酒抽烟很诱人，仅属于你和我，机密文件', '寻觅30岁以下的单身狗，本人干净，善良，嘴严，进攻性强，素养高，主要还是看感觉\r\n\r\n年轻貌美的少女们来享受人生的大和谐吧\r\n开放的少女们，趁着我们还年轻，还能放纵一下自己\r\n\r\n豆油吧 等你 ', 3, '2015-07-25 11:13:14', 1, 1001);

--
-- 转存表中的数据 `mini_comment`
--

INSERT INTO `mini_comment` (`id`, `creator_id`, `blog_id`, `content`, `create_time`) VALUES
(1, 1001, 4, '什么鬼～～', '2015-07-26 01:39:53'),
(4, 1001, 4, '添加一条评论', '2015-07-26 02:03:29'),
(5, 1001, 4, '又添加一条评论', '2015-07-26 02:04:30'),
(6, 1001, 4, '再添加一条评论', '2015-07-26 02:05:06'),
(9, 1002, 1, '官方群？', '2015-07-26 03:35:35'),
(13, 1002, 1, '再来一条', '2015-07-26 03:38:49'),
(14, 1001, 2, '我想要～', '2015-07-26 03:50:31');

--
-- 转存表中的数据 `mini_group`
--

INSERT INTO `mini_group` (`id`, `name`, `intro`, `member_count`, `create_time`, `creator_id`) VALUES
(1, '吃喝玩乐在北京 ', '组训：成全别人，陶冶自己 ', 2, '2015-07-25 10:48:46', 1001),
(2, '天津吃喝玩晒小组', '在这个孤独的城市，为孤独的你提供一个不再孤独的机会。 \r\n\r\n各地的吃喝玩乐小组都一样哈，你懂得。', 1, '2015-07-25 10:49:35', 1002),
(3, '和五月天混在一起', '最爱五月天~ \r\n\r\n一起欣赏他们的歌,学习他们的摇滚精神! \r\n\r\n要像他们一样,不断追求自己的梦想!', 0, '2015-07-25 14:31:37', 1001),
(10, '笔友-用信交流。', '生活的节奏越来越快， \r\n生活中越来越缺少感动。 \r\n平常打开电子邮箱 一封@只要十来分钟。 \r\n一条短息 一毛钱60个字 秒秒钟就可以到达 \r\n是的，变快了。写的速度变快了。传输的过程更是可以忽略不计了。 \r\n但是，打开电脑，打开手机。看着方方块块，横.竖.撇.捺.钩.点一摸大小的粗细大小的字体。 \r\n猛的，感动变少了，没有了时间带来了沧桑。 \r\n回归纸张吧。给所有想找到笔友的人。 \r\n可能是因为大家不认识，正是不认识的对方能让我更好的说说悄悄话。', 1, '2015-07-26 03:14:03', 1002);

/*!40101 SET CHARACTER_SET_CLIENT=@OLD_CHARACTER_SET_CLIENT */;
/*!40101 SET CHARACTER_SET_RESULTS=@OLD_CHARACTER_SET_RESULTS */;
/*!40101 SET COLLATION_CONNECTION=@OLD_COLLATION_CONNECTION */;
