-- phpMyAdmin SQL Dump
-- version 4.0.10deb1
-- http://www.phpmyadmin.net
--
-- 主机: localhost
-- 生成日期: 2015-07-26 13:00:28
-- 服务器版本: 5.5.43-0ubuntu0.14.04.1
-- PHP 版本: 5.5.9-1ubuntu4.11

SET SQL_MODE = "NO_AUTO_VALUE_ON_ZERO";
SET time_zone = "+00:00";


/*!40101 SET @OLD_CHARACTER_SET_CLIENT=@@CHARACTER_SET_CLIENT */;
/*!40101 SET @OLD_CHARACTER_SET_RESULTS=@@CHARACTER_SET_RESULTS */;
/*!40101 SET @OLD_COLLATION_CONNECTION=@@COLLATION_CONNECTION */;
/*!40101 SET NAMES utf8 */;

--
-- 数据库: `test_mygroup`
--

-- --------------------------------------------------------

--
-- 表的结构 `mini_belong`
--

CREATE TABLE IF NOT EXISTS `mini_belong` (
  `id` int(11) NOT NULL AUTO_INCREMENT,
  `user_id` int(11) NOT NULL,
  `group_id` int(11) NOT NULL,
  `join_time` timestamp NOT NULL DEFAULT CURRENT_TIMESTAMP,
  PRIMARY KEY (`id`)
) ENGINE=InnoDB  DEFAULT CHARSET=latin1 AUTO_INCREMENT=12 ;

--
-- 转存表中的数据 `mini_belong`
--

INSERT INTO `mini_belong` (`id`, `user_id`, `group_id`, `join_time`) VALUES
(1, 1001, 1, '2015-07-25 10:50:05'),
(2, 1001, 2, '2015-07-25 10:50:05'),
(10, 1002, 1, '2015-07-25 18:33:43'),
(11, 1002, 10, '2015-07-26 03:14:03');

-- --------------------------------------------------------

--
-- 表的结构 `mini_blog`
--

CREATE TABLE IF NOT EXISTS `mini_blog` (
  `id` int(11) NOT NULL AUTO_INCREMENT,
  `title` varchar(100) CHARACTER SET utf8 COLLATE utf8_unicode_ci NOT NULL,
  `content` varchar(10000) CHARACTER SET utf8 COLLATE utf8_unicode_ci DEFAULT NULL,
  `comment_count` int(11) NOT NULL DEFAULT '0',
  `create_time` timestamp NOT NULL DEFAULT CURRENT_TIMESTAMP,
  `group_id` int(11) NOT NULL,
  `creator_id` int(11) NOT NULL,
  PRIMARY KEY (`id`)
) ENGINE=InnoDB  DEFAULT CHARSET=latin1 AUTO_INCREMENT=5 ;

--
-- 转存表中的数据 `mini_blog`
--

INSERT INTO `mini_blog` (`id`, `title`, `content`, `comment_count`, `create_time`, `group_id`, `creator_id`) VALUES
(1, '  小组官方群41037582', '欢迎活泼的小伙伴加入', 2, '2015-07-25 10:51:14', 1, 1001),
(2, '有要领养小泰迪和小美短猫的嘛。小美短刚出生两天', '有要领养小泰迪和小美短猫的嘛。小美短刚出生两天，小泰迪也很快啦\r\n\r\n每年我都会送出一两只，只是想让它们活的更好（并不是跟我生活不好喔~）\r\n\r\n有喜欢的小伙伴 可以来喔，\r\n\r\n条件就是，必须能照顾好自己的人，要不然自己都照顾不好 怎么照顾小崽崽呢\r\n\r\n还有在怎么样 得能给小宝宝 吃得起粮的。\r\n\r\n具体的话 看我微信吧 朋友圈每天都会 更新小宝宝，微信 hana130908', 0, '2015-07-25 11:11:30', 2, 1003),
(3, '今天礼拜有一起玩的吗？', '能过来找我玩的。联系我。', 0, '2015-07-25 11:12:19', 3, 1003),
(4, '你喝酒抽烟很诱人，仅属于你和我，机密文件', '寻觅30岁以下的单身狗，本人干净，善良，嘴严，进攻性强，素养高，主要还是看感觉\r\n\r\n年轻貌美的少女们来享受人生的大和谐吧\r\n开放的少女们，趁着我们还年轻，还能放纵一下自己\r\n\r\n豆油吧 等你 ', 3, '2015-07-25 11:13:14', 1, 1001);

-- --------------------------------------------------------

--
-- 表的结构 `mini_comment`
--

CREATE TABLE IF NOT EXISTS `mini_comment` (
  `id` int(11) NOT NULL AUTO_INCREMENT,
  `creator_id` int(11) NOT NULL,
  `blog_id` int(11) NOT NULL,
  `content` varchar(1000) CHARACTER SET utf8 COLLATE utf8_unicode_ci NOT NULL,
  `create_time` timestamp NOT NULL DEFAULT CURRENT_TIMESTAMP,
  PRIMARY KEY (`id`)
) ENGINE=InnoDB  DEFAULT CHARSET=latin1 AUTO_INCREMENT=15 ;

--
-- 转存表中的数据 `mini_comment`
--

INSERT INTO `mini_comment` (`id`, `creator_id`, `blog_id`, `content`, `create_time`) VALUES
(1, 1001, 4, '什么鬼～～', '2015-07-26 01:39:53'),
(4, 1001, 4, '添加一条评论', '2015-07-26 02:03:29'),
(5, 1001, 4, '又添加一条评论', '2015-07-26 02:04:30'),
(6, 1001, 4, '再添加一条评论', '2015-07-26 02:05:06'),
(9, 1002, 1, '官方群？', '2015-07-26 03:35:35'),
(13, 1002, 1, '再来一条', '2015-07-26 03:38:49'),
(14, 1001, 2, '我想要～', '2015-07-26 03:50:31');

-- --------------------------------------------------------

--
-- 表的结构 `mini_group`
--

CREATE TABLE IF NOT EXISTS `mini_group` (
  `id` int(11) NOT NULL AUTO_INCREMENT,
  `name` varchar(100) CHARACTER SET utf8 COLLATE utf8_unicode_ci DEFAULT NULL,
  `intro` varchar(1000) CHARACTER SET utf8 COLLATE utf8_unicode_ci DEFAULT NULL,
  `member_count` int(11) NOT NULL DEFAULT '1',
  `create_time` timestamp NOT NULL DEFAULT CURRENT_TIMESTAMP,
  `creator_id` int(11) DEFAULT NULL,
  PRIMARY KEY (`id`)
) ENGINE=InnoDB  DEFAULT CHARSET=latin1 AUTO_INCREMENT=11 ;

--
-- 转存表中的数据 `mini_group`
--

INSERT INTO `mini_group` (`id`, `name`, `intro`, `member_count`, `create_time`, `creator_id`) VALUES
(1, '吃喝玩乐在北京 ', '组训：成全别人，陶冶自己 ', 2, '2015-07-25 10:48:46', 1001),
(2, '天津吃喝玩晒小组', '在这个孤独的城市，为孤独的你提供一个不再孤独的机会。 \r\n\r\n各地的吃喝玩乐小组都一样哈，你懂得。', 1, '2015-07-25 10:49:35', 1002),
(3, '和五月天混在一起', '最爱五月天~ \r\n\r\n一起欣赏他们的歌,学习他们的摇滚精神! \r\n\r\n要像他们一样,不断追求自己的梦想!', 0, '2015-07-25 14:31:37', 1001),
(10, '笔友-用信交流。', '生活的节奏越来越快， \r\n生活中越来越缺少感动。 \r\n平常打开电子邮箱 一封@只要十来分钟。 \r\n一条短息 一毛钱60个字 秒秒钟就可以到达 \r\n是的，变快了。写的速度变快了。传输的过程更是可以忽略不计了。 \r\n但是，打开电脑，打开手机。看着方方块块，横.竖.撇.捺.钩.点一摸大小的粗细大小的字体。 \r\n猛的，感动变少了，没有了时间带来了沧桑。 \r\n回归纸张吧。给所有想找到笔友的人。 \r\n可能是因为大家不认识，正是不认识的对方能让我更好的说说悄悄话。', 1, '2015-07-26 03:14:03', 1002);

-- --------------------------------------------------------

--
-- 表的结构 `user`
--

CREATE TABLE IF NOT EXISTS `user` (
  `id` int(11) NOT NULL AUTO_INCREMENT,
  `screen_name` varchar(15) CHARACTER SET ucs2 NOT NULL DEFAULT '',
  `picture` enum('Y','N') NOT NULL DEFAULT 'N',
  `location` varchar(31) CHARACTER SET ucs2 DEFAULT NULL,
  `locale` char(2) NOT NULL DEFAULT 'cn',
  `type` char(1) NOT NULL DEFAULT '',
  `time` timestamp NOT NULL DEFAULT CURRENT_TIMESTAMP,
  `reputation` tinyint(4) NOT NULL DEFAULT '0',
  `uid` varchar(15) NOT NULL DEFAULT '',
  `session_id` varchar(16) DEFAULT NULL,
  `session_expire_time` timestamp NOT NULL DEFAULT '0000-00-00 00:00:00',
  `loc` mediumint(8) unsigned DEFAULT NULL,
  `bits` bigint(20) unsigned NOT NULL DEFAULT '0',
  `pic_ver` smallint(5) NOT NULL DEFAULT '0',
  PRIMARY KEY (`id`),
  UNIQUE KEY `user_name` (`uid`),
  KEY `loc` (`loc`)
) ENGINE=InnoDB  DEFAULT CHARSET=latin1 AUTO_INCREMENT=44326878 ;

--
-- 转存表中的数据 `user`
--

INSERT INTO `user` (`id`, `screen_name`, `picture`, `location`, `locale`, `type`, `time`, `reputation`, `uid`, `session_id`, `session_expire_time`, `loc`, `bits`, `pic_ver`) VALUES
(1001, '林伟', 'N', NULL, 'cn', 'S', '2005-04-27 01:42:46', 50, '1001', 'bbb3bdcff87944a8', '0000-00-00 00:00:00', NULL, 829071296896, 0),
(1002, '亚马逊', 'N', NULL, 'cn', 'S', '2005-04-27 01:43:19', 50, '1002', '669911', '0000-00-00 00:00:00', NULL, 829071296896, 0),
(1003, '席殊书屋', 'N', NULL, 'cn', 'S', '2005-04-27 01:41:59', 70, '1003', '669911', '0000-00-00 00:00:00', NULL, 829062908288, 0),
(1004, '贝塔斯曼在线', 'N', NULL, 'cn', 'S', '2005-04-27 01:42:55', 73, '1004', '669911', '0000-00-00 00:00:00', NULL, 829062908288, 0),
(1006, 'China-Pub', 'N', NULL, 'cn', 'S', '2005-04-27 01:42:08', 45, '1006', '669911', '0000-00-00 00:00:00', NULL, 829071296896, 0),
(1007, '白马V网', 'N', NULL, 'cn', 'S', '2005-04-29 20:29:48', 69, '1007', '669911', '0000-00-00 00:00:00', NULL, 829062908288, 0),
(1008, '豆瓣', 'N', NULL, 'cn', 'S', '2006-08-01 05:58:05', 60, '1008', '669911', '0000-00-00 00:00:00', NULL, 829071296896, 0),
(1010, '百电下一', 'N', NULL, 'cn', 'S', '2005-05-12 11:03:02', 0, '1010', '669911', '0000-00-00 00:00:00', NULL, 829062908288, 0),
(1011, '旌旗网上书市', 'N', NULL, 'cn', 'S', '2005-06-21 05:15:47', 71, '1011', '669911', '0000-00-00 00:00:00', NULL, 829062908288, 0),
(1012, '金石堂網路書店', 'N', NULL, 'cn', 'S', '2005-06-29 09:44:51', 51, '1012', '669911', '0000-00-00 00:00:00', NULL, 829062908288, 0),
(1015, '誠品網路書店', 'N', NULL, 'cn', 'S', '2005-07-01 22:45:06', 5, '1015', '669911', '0000-00-00 00:00:00', NULL, 829062908288, 0),
(1018, 'Amazon.com', 'N', NULL, 'cn', 'S', '2005-07-20 03:06:14', 80, '1018', NULL, '0000-00-00 00:00:00', NULL, 829071296896, 0),
(1028, '蔚蓝网', 'N', NULL, 'cn', 'S', '2006-03-10 02:19:15', 45, '1028', NULL, '0000-00-00 00:00:00', NULL, 829071296896, 0),
(1051, '九州梦网', 'N', NULL, 'cn', 'S', '0000-00-00 00:00:00', 40, '1051', NULL, '0000-00-00 00:00:00', NULL, 829062908288, 0),
(1052, '巨鲸', 'N', NULL, 'cn', 'S', '2006-12-21 02:38:21', 0, '1052', 'N', '0000-00-00 00:00:00', NULL, 829062908288, 0),
(1053, '九天', 'N', NULL, 'cn', 'S', '2006-12-21 02:38:21', 0, '1053', 'N', '0000-00-00 00:00:00', NULL, 829062908288, 0),
(1054, '蓝泉图书', 'N', NULL, 'cn', 'S', '2007-04-02 02:35:37', 10, '1054', '669911', '0000-00-00 00:00:00', NULL, 829071296896, 0),
(1055, '中国图书网', 'N', NULL, 'cn', 'S', '2007-05-28 01:03:00', 45, '1055', '669911', '0000-00-00 00:00:00', NULL, 829071296896, 0),
(1056, '99网上书城', 'N', NULL, 'cn', 'S', '2007-06-05 01:31:09', 45, '1056', '669911', '0000-00-00 00:00:00', NULL, 829071296896, 0),
(1057, 'Amazon.co.uk', 'N', NULL, 'cn', 'S', '2007-06-05 21:43:23', 80, '1057', '669911', '0000-00-00 00:00:00', NULL, 829071296896, 0),
(1058, 'Amazon.de', 'N', NULL, 'cn', 'S', '2007-06-05 21:43:39', 80, '1058', '669911', '0000-00-00 00:00:00', NULL, 829071296896, 0),
(1059, 'Amazon.co.jp', 'N', NULL, 'cn', 'S', '2007-06-05 21:43:53', 80, '1059', NULL, '0000-00-00 00:00:00', NULL, 829071296896, 0),
(1060, 'Amazon.fr', 'N', NULL, 'cn', 'S', '2007-06-05 21:44:06', 80, '1060', '669911', '0000-00-00 00:00:00', NULL, 829071296896, 0),
(1061, 'Amazon.ca', 'N', NULL, 'cn', 'S', '2007-06-05 21:44:19', 80, '1061', '669911', '0000-00-00 00:00:00', NULL, 829071296896, 0),
(1062, '新浪音乐', 'N', NULL, 'cn', 'S', '2007-08-14 00:45:58', 78, '1062', '669911', '0000-00-00 00:00:00', NULL, 829062908288, 0),
(1063, '社会科学文献出版社', 'N', NULL, 'cn', 'S', '2007-09-05 01:02:06', 45, '1063', '669911', '0000-00-00 00:00:00', NULL, 829062908288, 0),
(1064, '对号入座', 'N', NULL, 'cn', 'S', '2008-03-17 18:15:15', 0, '1064', NULL, '0000-00-00 00:00:00', NULL, 829062908288, 0),
(1065, 'youku', 'N', NULL, 'cn', 'S', '2008-11-21 02:46:39', 0, '1065', NULL, '0000-00-00 00:00:00', NULL, 829062906240, 0),
(1066, '申东原版', 'N', NULL, 'cn', 'S', '2008-12-14 23:24:40', 0, '1066', '669911', '0000-00-00 00:00:00', NULL, 829071296896, 0),
(1067, '新华书店.COM', 'N', NULL, 'cn', 'S', '2009-02-03 19:02:17', 45, '1067', '669911', '0000-00-00 00:00:00', NULL, 829071294848, 0),
(1068, '美嘉', 'N', NULL, 'cn', 'S', '2009-04-13 20:08:24', 0, '1068', NULL, '0000-00-00 00:00:00', NULL, 829062906240, 0),
(1069, '北发图书网', 'N', NULL, 'cn', 'S', '2009-07-13 19:34:27', 45, '1069', '669911', '0000-00-00 00:00:00', NULL, 829071294848, 0),
(1070, '12530', 'N', NULL, 'cn', '', '2011-04-01 02:55:50', 0, '1070', NULL, '0000-00-00 00:00:00', NULL, 0, 0),
(1071, '快书包', 'N', NULL, 'cn', 'S', '2011-06-17 20:08:24', 0, '1071', '669911', '0000-00-00 00:00:00', NULL, 829062906240, 0),
(1072, '京东', 'N', NULL, 'cn', 'S', '2011-09-09 01:09:09', 0, '1072', '669911', '0000-00-00 00:00:00', NULL, 829062906240, 0),
(1073, '博库', 'N', NULL, 'cn', 'S', '2012-07-16 01:09:09', 0, '1073', '669911', '0000-00-00 00:00:00', NULL, 829062906240, 0),
(1074, '澜瑞外文', 'N', NULL, 'cn', 'S', '2012-09-03 01:09:09', 0, '1074', '669911', '0000-00-00 00:00:00', NULL, 829062906240, 0),
(1075, '淘书网', 'N', NULL, 'cn', 'S', '2012-11-01 18:35:00', 0, '1075', '10751102', '0000-00-00 00:00:00', NULL, 829062906240, 0),
(1076, '蜘蛛网', 'N', NULL, 'cn', 'S', '2012-11-14 18:35:00', 0, '1076', '669911', '0000-00-00 00:00:00', NULL, 829062906240, 0),
(2001, 'blackgate', 'N', NULL, 'cn', 'S', '2006-11-07 12:08:22', 0, '2001', 'etagkcalb', '0000-00-00 00:00:00', NULL, 829062908288, 0),
(2002, 'cometserver', 'N', NULL, 'cn', 'S', '2009-10-27 07:51:51', 0, '2002', 'revrestemoc', '0000-00-00 00:00:00', NULL, 829062906240, 0),
(1000000, 'user base line', 'N', NULL, 'cn', 'S', '0000-00-00 00:00:00', 40, '1000000', NULL, '0000-00-00 00:00:00', NULL, 0, 0),
(1000001, 'test1', 'N', NULL, 'cn', 'N', '2015-07-17 05:32:05', 0, 'test1', 'By2uLokpYXA', '2015-08-16 06:18:51', NULL, 0, 0),
(1000002, 'test2', 'N', NULL, 'cn', 'N', '2015-07-17 05:32:05', 1, 'test2', NULL, '0000-00-00 00:00:00', NULL, 0, 0),
(1000003, 'test3', 'N', NULL, 'cn', 'N', '2015-07-17 05:32:05', 1, 'test3', NULL, '0000-00-00 00:00:00', NULL, 0, 0),
(1000004, 'test4', 'N', NULL, 'cn', 'N', '2015-07-17 05:32:05', 0, 'test4', NULL, '0000-00-00 00:00:00', NULL, 0, 0),
(1000005, 'test5', 'N', NULL, 'cn', 'N', '2015-07-17 05:32:05', 0, 'test5', NULL, '0000-00-00 00:00:00', NULL, 0, 0),
(1000006, 'test6', 'N', NULL, 'cn', 'N', '2015-07-17 05:32:05', 0, 'test6', NULL, '0000-00-00 00:00:00', NULL, 0, 0),
(1000007, 'test7', 'N', NULL, 'cn', 'N', '2015-07-17 05:32:05', 0, 'test7', NULL, '0000-00-00 00:00:00', NULL, 0, 0),
(1000008, 'test8', 'N', NULL, 'cn', 'N', '2015-07-17 05:32:05', 0, 'test8', NULL, '0000-00-00 00:00:00', NULL, 0, 0),
(1000009, 'test9', 'N', NULL, 'cn', 'N', '2015-07-17 05:32:05', 0, 'test9', NULL, '0000-00-00 00:00:00', NULL, 0, 0),
(1000010, 'test10', 'N', NULL, 'cn', 'A', '2015-07-17 05:32:05', 0, 'test10', NULL, '0000-00-00 00:00:00', NULL, 0, 0),
(1000011, 'sysadmin1', 'N', NULL, 'cn', 'A', '2015-07-17 05:32:06', 0, 'sysadmin1', NULL, '0000-00-00 00:00:00', NULL, 0, 0),
(1000012, 'sysadmin2', 'N', NULL, 'cn', 'A', '2015-07-17 05:32:06', 0, 'sysadmin2', NULL, '0000-00-00 00:00:00', NULL, 0, 0),
(1000013, 'sysadmin3', 'N', NULL, 'cn', 'A', '2015-07-17 05:32:06', 0, 'sysadmin3', NULL, '0000-00-00 00:00:00', NULL, 0, 0),
(1000014, 'sysadmin4', 'N', NULL, 'cn', 'A', '2015-07-17 05:32:06', 0, 'sysadmin4', NULL, '0000-00-00 00:00:00', NULL, 0, 0),
(1000015, 'sysadmin5', 'N', NULL, 'cn', 'A', '2015-07-17 05:32:06', 0, 'sysadmin5', NULL, '0000-00-00 00:00:00', NULL, 0, 0),
(1000016, 'sysadmin6', 'N', NULL, 'cn', 'A', '2015-07-17 05:32:06', 0, 'sysadmin6', NULL, '0000-00-00 00:00:00', NULL, 0, 0),
(1000017, 'sysadmin7', 'N', NULL, 'cn', 'A', '2015-07-17 05:32:06', 0, 'sysadmin7', NULL, '0000-00-00 00:00:00', NULL, 0, 0),
(1000018, 'sysadmin8', 'N', NULL, 'cn', 'A', '2015-07-17 05:32:06', 0, 'sysadmin8', NULL, '0000-00-00 00:00:00', NULL, 0, 0),
(1000019, 'sysadmin9', 'N', NULL, 'cn', 'A', '2015-07-17 05:32:06', 0, 'sysadmin9', NULL, '0000-00-00 00:00:00', NULL, 0, 0),
(1000020, 'sysadmin10', 'N', NULL, 'cn', 'A', '2015-07-17 05:32:06', 0, 'sysadmin10', NULL, '0000-00-00 00:00:00', NULL, 0, 0),
(1000021, 'test11', 'N', NULL, 'cn', 'N', '2015-07-17 05:32:07', 0, '1000021', NULL, '0000-00-00 00:00:00', NULL, 0, 0),
(1000022, 'test12', 'N', NULL, 'cn', 'N', '2015-07-17 05:32:07', 0, '1000022', NULL, '0000-00-00 00:00:00', NULL, 0, 0),
(1000023, 'test13', 'N', NULL, 'cn', 'N', '2015-07-17 05:32:07', 0, '1000023', NULL, '0000-00-00 00:00:00', NULL, 0, 0),
(1000024, 'test14', 'N', NULL, 'cn', 'N', '2015-07-17 05:32:07', 0, '1000024', NULL, '0000-00-00 00:00:00', NULL, 0, 0),
(1000025, 'test15', 'N', NULL, 'cn', 'N', '2015-07-17 05:32:07', 0, '1000025', NULL, '0000-00-00 00:00:00', NULL, 0, 0),
(1000026, 'test16', 'N', NULL, 'cn', 'N', '2015-07-17 05:32:07', 0, '1000026', NULL, '0000-00-00 00:00:00', NULL, 0, 0),
(1000027, 'test17', 'N', NULL, 'cn', 'N', '2015-07-17 05:32:07', 0, '1000027', NULL, '0000-00-00 00:00:00', NULL, 0, 0),
(1000028, 'test18', 'N', NULL, 'cn', 'N', '2015-07-17 05:32:07', 0, '1000028', NULL, '0000-00-00 00:00:00', NULL, 0, 0),
(1000029, 'test19', 'N', NULL, 'cn', 'N', '2015-07-17 05:32:07', 0, '1000029', NULL, '0000-00-00 00:00:00', NULL, 0, 0),
(1000030, 'test20', 'N', NULL, 'cn', 'N', '2015-07-17 05:32:07', 0, '1000030', NULL, '0000-00-00 00:00:00', NULL, 0, 0),
(1000031, 'test21', 'N', NULL, 'cn', 'N', '2015-07-17 05:32:07', 0, '1000031', NULL, '0000-00-00 00:00:00', NULL, 0, 0),
(1000032, 'test22', 'N', NULL, 'cn', 'N', '2015-07-17 05:32:07', 0, '1000032', NULL, '0000-00-00 00:00:00', NULL, 0, 0),
(1000033, 'test23', 'N', NULL, 'cn', 'N', '2015-07-17 05:32:07', 0, '1000033', NULL, '0000-00-00 00:00:00', NULL, 0, 0),
(1000034, 'test24', 'N', NULL, 'cn', 'N', '2015-07-17 05:32:07', 0, '1000034', NULL, '0000-00-00 00:00:00', NULL, 0, 0),
(1000035, 'test25', 'N', NULL, 'cn', 'N', '2015-07-17 05:32:07', 0, '1000035', NULL, '0000-00-00 00:00:00', NULL, 0, 0),
(1000036, 'test26', 'N', NULL, 'cn', 'N', '2015-07-17 05:32:07', 0, '1000036', NULL, '0000-00-00 00:00:00', NULL, 0, 0),
(1000037, 'test27', 'N', NULL, 'cn', 'N', '2015-07-17 05:32:07', 0, '1000037', NULL, '0000-00-00 00:00:00', NULL, 0, 0),
(1000038, 'test28', 'N', NULL, 'cn', 'N', '2015-07-17 05:32:07', 0, '1000038', NULL, '0000-00-00 00:00:00', NULL, 0, 0),
(1000039, 'test29', 'N', NULL, 'cn', 'N', '2015-07-17 05:32:07', 0, '1000039', NULL, '0000-00-00 00:00:00', NULL, 0, 0),
(1000040, 'test30', 'N', NULL, 'cn', 'N', '2015-07-17 05:32:07', 0, '1000040', NULL, '0000-00-00 00:00:00', NULL, 0, 0),
(1000041, 'test31', 'N', NULL, 'cn', 'N', '2015-07-17 05:32:07', 0, '1000041', NULL, '0000-00-00 00:00:00', NULL, 0, 0),
(1000042, 'test32', 'N', NULL, 'cn', 'N', '2015-07-17 05:32:07', 0, '1000042', NULL, '0000-00-00 00:00:00', NULL, 0, 0),
(1000043, 'test33', 'N', NULL, 'cn', 'N', '2015-07-17 05:32:07', 0, '1000043', NULL, '0000-00-00 00:00:00', NULL, 0, 0),
(1000044, 'test34', 'N', NULL, 'cn', 'N', '2015-07-17 05:32:07', 0, '1000044', NULL, '0000-00-00 00:00:00', NULL, 0, 0),
(1000045, 'test35', 'N', NULL, 'cn', 'N', '2015-07-17 05:32:07', 0, '1000045', NULL, '0000-00-00 00:00:00', NULL, 0, 0),
(1000046, 'test36', 'N', NULL, 'cn', 'N', '2015-07-17 05:32:07', 0, '1000046', NULL, '0000-00-00 00:00:00', NULL, 0, 0),
(1000047, 'test37', 'N', NULL, 'cn', 'N', '2015-07-17 05:32:07', 0, '1000047', NULL, '0000-00-00 00:00:00', NULL, 0, 0),
(1000048, 'test38', 'N', NULL, 'cn', 'N', '2015-07-17 05:32:07', 0, '1000048', NULL, '0000-00-00 00:00:00', NULL, 0, 0),
(1000049, 'test39', 'N', NULL, 'cn', 'N', '2015-07-17 05:32:07', 0, '1000049', NULL, '0000-00-00 00:00:00', NULL, 0, 0),
(1000050, 'test40', 'N', NULL, 'cn', 'N', '2015-07-17 05:32:07', 0, '1000050', NULL, '0000-00-00 00:00:00', NULL, 0, 0),
(1000051, 'test41', 'N', NULL, 'cn', 'N', '2015-07-17 05:32:07', 0, '1000051', NULL, '0000-00-00 00:00:00', NULL, 0, 0),
(1000052, 'test42', 'N', NULL, 'cn', 'N', '2015-07-17 05:32:07', 0, '1000052', NULL, '0000-00-00 00:00:00', NULL, 0, 0),
(1000053, 'test43', 'N', NULL, 'cn', 'N', '2015-07-17 05:32:07', 0, '1000053', NULL, '0000-00-00 00:00:00', NULL, 0, 0),
(1000054, 'test44', 'N', NULL, 'cn', 'N', '2015-07-17 05:32:07', 0, '1000054', NULL, '0000-00-00 00:00:00', NULL, 0, 0),
(1000055, 'test45', 'N', NULL, 'cn', 'N', '2015-07-17 05:32:07', 0, '1000055', NULL, '0000-00-00 00:00:00', NULL, 0, 0),
(1000056, 'test46', 'N', NULL, 'cn', 'A', '2015-07-17 05:32:07', 0, '1000056', NULL, '0000-00-00 00:00:00', NULL, 0, 0),
(1000057, 'test47', 'N', NULL, 'cn', 'N', '2015-07-17 05:32:07', 0, '1000057', NULL, '0000-00-00 00:00:00', NULL, 0, 0),
(1000058, 'test48', 'N', NULL, 'cn', 'N', '2015-07-17 05:32:07', 0, '1000058', NULL, '0000-00-00 00:00:00', NULL, 0, 0),
(1000059, 'test49', 'N', NULL, 'cn', 'N', '2015-07-17 05:32:07', 0, '1000059', NULL, '0000-00-00 00:00:00', NULL, 0, 0),
(1000060, 'test50', 'N', NULL, 'cn', 'N', '2015-07-17 05:32:07', 0, '1000060', NULL, '0000-00-00 00:00:00', NULL, 0, 0),
(1000061, 'test51', 'N', NULL, 'cn', 'N', '2015-07-17 05:32:07', 0, '1000061', NULL, '0000-00-00 00:00:00', NULL, 0, 0),
(1000062, 'test52', 'N', NULL, 'cn', 'N', '2015-07-17 05:32:07', 0, '1000062', NULL, '0000-00-00 00:00:00', NULL, 0, 0),
(1000063, 'test53', 'N', NULL, 'cn', 'N', '2015-07-17 05:32:07', 0, '1000063', NULL, '0000-00-00 00:00:00', NULL, 0, 0),
(1000064, 'test54', 'N', NULL, 'cn', 'N', '2015-07-17 05:32:07', 0, '1000064', NULL, '0000-00-00 00:00:00', NULL, 0, 0),
(1000065, 'test55', 'N', NULL, 'cn', 'N', '2015-07-17 05:32:07', 0, '1000065', NULL, '0000-00-00 00:00:00', NULL, 0, 0),
(1000066, 'test56', 'N', NULL, 'cn', 'N', '2015-07-17 05:32:07', 0, '1000066', NULL, '0000-00-00 00:00:00', NULL, 0, 0),
(1000067, 'test57', 'N', NULL, 'cn', 'N', '2015-07-17 05:32:07', 0, '1000067', NULL, '0000-00-00 00:00:00', NULL, 0, 0),
(1000068, 'test58', 'N', NULL, 'cn', 'N', '2015-07-17 05:32:07', 0, '1000068', NULL, '0000-00-00 00:00:00', NULL, 0, 0),
(1000069, 'test59', 'N', NULL, 'cn', 'N', '2015-07-17 05:32:07', 0, '1000069', NULL, '0000-00-00 00:00:00', NULL, 0, 0),
(1000070, 'test60', 'N', NULL, 'cn', 'N', '2015-07-17 05:32:07', 0, '1000070', NULL, '0000-00-00 00:00:00', NULL, 0, 0),
(1000071, 'test61', 'N', NULL, 'cn', 'N', '2015-07-17 05:32:07', 0, '1000071', NULL, '0000-00-00 00:00:00', NULL, 0, 0),
(1000072, 'test62', 'N', NULL, 'cn', 'N', '2015-07-17 05:32:07', 0, '1000072', NULL, '0000-00-00 00:00:00', NULL, 0, 0),
(1000073, 'test63', 'N', NULL, 'cn', 'N', '2015-07-17 05:32:07', 0, '1000073', NULL, '0000-00-00 00:00:00', NULL, 0, 0),
(1000074, 'test64', 'N', NULL, 'cn', 'N', '2015-07-17 05:32:07', 0, '1000074', NULL, '0000-00-00 00:00:00', NULL, 0, 0),
(1000075, 'test65', 'N', NULL, 'cn', 'N', '2015-07-17 05:32:07', 0, '1000075', NULL, '0000-00-00 00:00:00', NULL, 0, 0),
(1000076, 'test66', 'N', NULL, 'cn', 'N', '2015-07-17 05:32:07', 0, '1000076', NULL, '0000-00-00 00:00:00', NULL, 0, 0),
(1000077, 'test67', 'N', NULL, 'cn', 'N', '2015-07-17 05:32:07', 0, '1000077', NULL, '0000-00-00 00:00:00', NULL, 0, 0),
(1000078, 'test68', 'N', NULL, 'cn', 'N', '2015-07-17 05:32:07', 0, '1000078', NULL, '0000-00-00 00:00:00', NULL, 0, 0),
(1000079, 'test69', 'N', NULL, 'cn', 'N', '2015-07-17 05:32:07', 0, '1000079', NULL, '0000-00-00 00:00:00', NULL, 0, 0),
(1000080, 'test70', 'N', NULL, 'cn', 'N', '2015-07-17 05:32:07', 0, '1000080', NULL, '0000-00-00 00:00:00', NULL, 0, 0),
(1000081, 'test71', 'N', NULL, 'cn', 'N', '2015-07-17 05:32:07', 0, '1000081', NULL, '0000-00-00 00:00:00', NULL, 0, 0),
(1000082, 'test72', 'N', NULL, 'cn', 'N', '2015-07-17 05:32:07', 0, '1000082', NULL, '0000-00-00 00:00:00', NULL, 0, 0),
(1000083, 'test73', 'N', NULL, 'cn', 'N', '2015-07-17 05:32:07', 0, '1000083', NULL, '0000-00-00 00:00:00', NULL, 0, 0),
(1000084, 'test74', 'N', NULL, 'cn', 'N', '2015-07-17 05:32:07', 0, '1000084', NULL, '0000-00-00 00:00:00', NULL, 0, 0),
(1000085, 'test75', 'N', NULL, 'cn', 'N', '2015-07-17 05:32:07', 0, '1000085', NULL, '0000-00-00 00:00:00', NULL, 0, 0),
(1000086, 'test76', 'N', NULL, 'cn', 'N', '2015-07-17 05:32:07', 0, '1000086', NULL, '0000-00-00 00:00:00', NULL, 0, 0),
(1000087, 'test77', 'N', NULL, 'cn', 'N', '2015-07-17 05:32:07', 0, '1000087', NULL, '0000-00-00 00:00:00', NULL, 0, 0),
(1000088, 'test78', 'N', NULL, 'cn', 'N', '2015-07-17 05:32:07', 0, '1000088', NULL, '0000-00-00 00:00:00', NULL, 0, 0),
(1000089, 'test79', 'N', NULL, 'cn', 'N', '2015-07-17 05:32:07', 0, '1000089', NULL, '0000-00-00 00:00:00', NULL, 0, 0),
(1000090, 'test80', 'N', NULL, 'cn', 'N', '2015-07-17 05:32:07', 0, '1000090', NULL, '0000-00-00 00:00:00', NULL, 0, 0),
(1000091, 'test81', 'N', NULL, 'cn', 'N', '2015-07-17 05:32:07', 0, '1000091', NULL, '0000-00-00 00:00:00', NULL, 0, 0),
(1000092, 'test82', 'N', NULL, 'cn', 'N', '2015-07-17 05:32:07', 0, '1000092', NULL, '0000-00-00 00:00:00', NULL, 0, 0),
(1000093, 'test83', 'N', NULL, 'cn', 'N', '2015-07-17 05:32:07', 0, '1000093', NULL, '0000-00-00 00:00:00', NULL, 0, 0),
(1000094, 'test84', 'N', NULL, 'cn', 'N', '2015-07-17 05:32:07', 0, '1000094', NULL, '0000-00-00 00:00:00', NULL, 0, 0),
(1000095, 'test85', 'N', NULL, 'cn', 'N', '2015-07-17 05:32:07', 0, '1000095', NULL, '0000-00-00 00:00:00', NULL, 0, 0),
(1000096, 'test86', 'N', NULL, 'cn', 'N', '2015-07-17 05:32:07', 0, '1000096', NULL, '0000-00-00 00:00:00', NULL, 0, 0),
(1000097, 'test87', 'N', NULL, 'cn', 'N', '2015-07-17 05:32:07', 0, '1000097', NULL, '0000-00-00 00:00:00', NULL, 0, 0),
(1000098, 'test88', 'N', NULL, 'cn', 'N', '2015-07-17 05:32:07', 0, '1000098', NULL, '0000-00-00 00:00:00', NULL, 0, 0),
(1000099, 'test89', 'N', NULL, 'cn', 'N', '2015-07-17 05:32:07', 0, '1000099', NULL, '0000-00-00 00:00:00', NULL, 0, 0),
(1000100, 'test90', 'N', NULL, 'cn', 'N', '2015-07-17 05:32:07', 0, '1000100', NULL, '0000-00-00 00:00:00', NULL, 0, 0),
(1000101, 'test91', 'N', NULL, 'cn', 'N', '2015-07-17 05:32:07', 0, '1000101', NULL, '0000-00-00 00:00:00', NULL, 0, 0),
(1000102, 'test92', 'N', NULL, 'cn', 'N', '2015-07-17 05:32:07', 0, '1000102', NULL, '0000-00-00 00:00:00', NULL, 0, 0),
(1000103, 'test93', 'N', NULL, 'cn', 'N', '2015-07-17 05:32:07', 0, '1000103', NULL, '0000-00-00 00:00:00', NULL, 0, 0),
(1000104, 'test94', 'N', NULL, 'cn', 'N', '2015-07-17 05:32:07', 0, '1000104', NULL, '0000-00-00 00:00:00', NULL, 0, 0),
(1000105, 'test95', 'N', NULL, 'cn', 'N', '2015-07-17 05:32:07', 0, '1000105', NULL, '0000-00-00 00:00:00', NULL, 0, 0),
(1000106, 'test96', 'N', NULL, 'cn', 'N', '2015-07-17 05:32:07', 0, '1000106', NULL, '0000-00-00 00:00:00', NULL, 0, 0),
(1000107, 'test97', 'N', NULL, 'cn', 'N', '2015-07-17 05:32:07', 0, '1000107', NULL, '0000-00-00 00:00:00', NULL, 0, 0),
(1000108, 'test98', 'N', NULL, 'cn', 'N', '2015-07-17 05:32:07', 0, '1000108', NULL, '0000-00-00 00:00:00', NULL, 0, 0),
(1000109, 'test99', 'N', NULL, 'cn', 'N', '2015-07-17 05:32:07', 0, '1000109', NULL, '0000-00-00 00:00:00', NULL, 0, 0),
(1000110, 'test100', 'N', NULL, 'cn', 'N', '2015-07-17 05:32:07', 0, '1000110', NULL, '0000-00-00 00:00:00', NULL, 0, 0),
(44326877, 'ilmen mj', 'N', NULL, 'cn', 'S', '0000-00-00 00:00:00', 40, '44326877', NULL, '0000-00-00 00:00:00', NULL, 0, 0);

/*!40101 SET CHARACTER_SET_CLIENT=@OLD_CHARACTER_SET_CLIENT */;
/*!40101 SET CHARACTER_SET_RESULTS=@OLD_CHARACTER_SET_RESULTS */;
/*!40101 SET COLLATION_CONNECTION=@OLD_COLLATION_CONNECTION */;
